timestamp,target_aqi,pm25,pm10,temp,humidity,wind_speed,hour,day,month,day_of_week
2026-06-04 05:00:00+00:00,152,55,77,27.8,69,2,5,4,6,3
2026-06-04 04:00:00+00:00,153,57,81,27.7,69,4,4,4,6,3
2026-06-04 03:00:00+00:00,153,58,86,28.3,66,5,3,4,6,3
2026-06-04 02:00:00+00:00,154,56,84,28.9,63,7,2,4,6,3
2026-06-04 01:00:00+00:00,155,53,80,29.2,62,7,1,4,6,3
2026-06-04 00:00:00+00:00,155,52,79,29.6,61,8,0,4,6,3
2026-06-03 23:00:00+00:00,156,52,80,30.2,59,7,23,3,6,2
2026-06-03 22:00:00+00:00,156,53,82,31.0,56,6,22,3,6,2
2026-06-03 21:00:00+00:00,156,54,91,31.9,52,4,21,3,6,2
2026-06-03 20:00:00+00:00,157,56,94,32.8,49,3,20,3,6,2
2026-06-03 19:00:00+00:00,160,50,92,33.6,46,5,19,3,6,2
2026-06-03 18:00:00+00:00,168,50,100,34.3,43,8,18,3,6,2
2026-06-03 17:00:00+00:00,168,51,106,35.0,40,10,17,3,6,2
2026-06-03 16:00:00+00:00,162,54,112,35.6,36,8,16,3,6,2
2026-06-03 15:00:00+00:00,160,56,117,36.1,32,8,15,3,6,2
2026-06-03 14:00:00+00:00,160,58,123,36.7,30,9,14,3,6,2
2026-06-03 13:00:00+00:00,161,60,130,37.5,29,6,13,3,6,2
2026-06-03 12:00:00+00:00,162,63,134,38.5,28,3,12,3,6,2
2026-06-03 11:00:00+00:00,162,64,136,38.7,29,6,11,3,6,2
2026-06-03 10:00:00+00:00,163,65,137,37.5,32,6,10,3,6,2
2026-06-03 09:00:00+00:00,163,68,136,36.0,35,7,9,3,6,2
2026-06-03 08:00:00+00:00,163,73,129,33.7,42,5,8,3,6,2
2026-06-03 07:00:00+00:00,163,78,119,31.1,50,6,7,3,6,2
2026-06-03 06:00:00+00:00,162,82,122,29.4,55,7,6,3,6,2
2026-06-03 05:00:00+00:00,162,83,128,28.9,57,6,5,3,6,2
2026-06-03 04:00:00+00:00,162,82,126,29.3,55,4,4,3,6,2
2026-06-03 03:00:00+00:00,162,80,122,29.8,54,3,3,3,6,2
2026-06-03 02:00:00+00:00,162,78,121,30.2,54,3,2,3,6,2
2026-06-03 01:00:00+00:00,162,77,124,30.4,54,4,1,3,6,2
2026-06-03 00:00:00+00:00,162,77,129,31.0,53,2,0,3,6,2
2026-06-02 23:00:00+00:00,162,77,139,31.7,49,4,23,2,6,1
2026-06-02 22:00:00+00:00,163,73,135,32.4,47,4,22,2,6,1
2026-06-02 21:00:00+00:00,165,72,136,33.3,43,4,21,2,6,1
2026-06-02 20:00:00+00:00,184,81,163,34.5,38,5,20,2,6,1
2026-06-02 19:00:00+00:00,198,77,178,35.5,35,3,19,2,6,1
2026-06-02 18:00:00+00:00,201,76,193,35.9,33,9,18,2,6,1
2026-06-02 17:00:00+00:00,193,77,202,36.5,33,12,17,2,6,1
2026-06-02 16:00:00+00:00,178,80,214,37.0,31,9,16,2,6,1
2026-06-02 15:00:00+00:00,164,82,226,38.3,28,2,15,2,6,1
2026-06-02 14:00:00+00:00,164,84,237,39.2,26,2,14,2,6,1
2026-06-02 13:00:00+00:00,164,86,245,39.0,26,3,13,2,6,1
2026-06-02 12:00:00+00:00,164,87,253,38.2,27,4,12,2,6,1
2026-06-02 11:00:00+00:00,164,88,264,37.2,29,4,11,2,6,1
2026-06-02 10:00:00+00:00,164,88,267,36.0,32,5,10,2,6,1
2026-06-02 09:00:00+00:00,164,82,239,34.2,36,5,9,2,6,1
2026-06-02 08:00:00+00:00,164,73,181,32.0,43,4,8,2,6,1
2026-06-02 07:00:00+00:00,164,69,142,30.0,49,3,7,2,6,1
2026-06-02 06:00:00+00:00,165,68,128,28.6,53,4,6,2,6,1
2026-06-02 05:00:00+00:00,165,68,136,28.1,54,5,5,2,6,1
2026-06-02 04:00:00+00:00,165,70,140,28.5,53,4,4,2,6,1
2026-06-02 03:00:00+00:00,166,73,148,28.9,52,4,3,2,6,1
2026-06-02 02:00:00+00:00,166,77,155,29.5,50,4,2,2,6,1
2026-06-02 01:00:00+00:00,165,83,167,30.5,48,1,1,2,6,1
2026-06-02 00:00:00+00:00,165,89,180,31.1,47,1,0,2,6,1
2026-06-01 23:00:00+00:00,165,95,198,31.4,46,2,23,1,6,0
2026-06-01 22:00:00+00:00,165,94,212,32.0,43,3,22,1,6,0
2026-06-01 21:00:00+00:00,169,93,218,32.8,39,5,21,1,6,0
2026-06-01 20:00:00+00:00,182,93,243,33.4,37,6,20,1,6,0
2026-06-01 19:00:00+00:00,189,85,235,34.1,35,9,19,1,6,0
2026-06-01 18:00:00+00:00,188,79,249,35.2,32,10,18,1,6,0
2026-06-01 17:00:00+00:00,179,80,259,35.8,31,10,17,1,6,0
2026-06-01 16:00:00+00:00,164,81,265,36.6,29,10,16,1,6,0
2026-06-01 15:00:00+00:00,163,82,275,37.2,28,7,15,1,6,0
2026-06-01 14:00:00+00:00,163,83,284,37.8,27,5,14,1,6,0
2026-06-01 13:00:00+00:00,162,86,304,37.0,28,4,13,1,6,0
2026-06-01 12:00:00+00:00,162,89,322,36.3,29,4,12,1,6,0
2026-06-01 11:00:00+00:00,162,89,331,35.2,32,6,11,1,6,0
2026-06-01 10:00:00+00:00,161,85,303,33.2,40,7,10,1,6,0
2026-06-01 09:00:00+00:00,161,83,279,31.0,49,7,9,1,6,0
2026-06-01 08:00:00+00:00,160,82,260,28.9,57,7,8,1,6,0
2026-06-01 07:00:00+00:00,159,81,248,27.0,62,7,7,1,6,0
2026-06-01 06:00:00+00:00,158,82,229,25.6,66,7,6,1,6,0
2026-06-01 05:00:00+00:00,157,84,237,25.4,66,7,5,1,6,0
2026-06-01 04:00:00+00:00,156,85,237,25.9,63,7,4,1,6,0
2026-06-01 03:00:00+00:00,155,83,224,26.4,60,7,3,1,6,0
2026-06-01 02:00:00+00:00,154,77,192,26.9,57,7,2,1,6,0
2026-06-01 01:00:00+00:00,154,74,175,27.4,54,7,1,1,6,0
2026-06-01 00:00:00+00:00,153,79,198,27.9,49,8,0,1,6,0
2026-05-31 23:00:00+00:00,153,83,232,28.4,46,8,23,31,5,6
2026-05-31 22:00:00+00:00,152,82,238,28.9,44,8,22,31,5,6
2026-05-31 21:00:00+00:00,164,81,259,29.5,45,6,21,31,5,6
2026-05-31 20:00:00+00:00,173,80,278,30.6,42,6,20,31,5,6
2026-05-31 19:00:00+00:00,179,74,280,31.7,42,4,19,31,5,6
2026-05-31 18:00:00+00:00,177,72,294,33.5,32,6,18,31,5,6
2026-05-31 17:00:00+00:00,169,72,308,34.3,30,7,17,31,5,6
2026-05-31 16:00:00+00:00,157,72,313,34.8,30,8,16,31,5,6
2026-05-31 15:00:00+00:00,141,71,314,35.0,30,8,15,31,5,6
2026-05-31 14:00:00+00:00,138,70,316,34.9,31,8,14,31,5,6
2026-05-31 13:00:00+00:00,134,69,320,34.2,35,9,13,31,5,6
2026-05-31 12:00:00+00:00,130,70,334,33.2,38,10,12,31,5,6
2026-05-31 11:00:00+00:00,125,73,362,32.0,41,11,11,31,5,6
2026-05-31 10:00:00+00:00,120,74,382,30.8,44,11,10,31,5,6
2026-05-31 09:00:00+00:00,119,58,238,29.3,49,12,9,31,5,6
2026-05-31 08:00:00+00:00,129,42,112,27.1,63,9,8,31,5,6
2026-05-31 07:00:00+00:00,145,37,67,24.8,73,8,7,31,5,6
2026-05-31 06:00:00+00:00,152,37,60,23.1,79,9,6,31,5,6
2026-05-31 05:00:00+00:00,155,38,67,22.6,82,7,5,31,5,6
2026-05-31 04:00:00+00:00,156,40,75,22.8,84,6,4,31,5,6
2026-05-31 03:00:00+00:00,157,42,84,23.1,84,5,3,31,5,6
2026-05-31 02:00:00+00:00,159,45,95,23.6,80,2,2,31,5,6
2026-05-31 01:00:00+00:00,160,48,108,24.0,79,1,1,31,5,6
2026-05-31 00:54:23.214845+00:00,112,112,43,29.2,47,0,0,31,5,6
2026-05-31 00:00:00+00:00,161,52,125,24.3,77,3,0,31,5,6
2026-05-30 23:00:00+00:00,163,56,141,24.8,74,4,23,30,5,5
2026-05-30 22:00:00+00:00,164,59,158,25.1,71,4,22,30,5,5
2026-05-30 21:00:00+00:00,168,60,172,25.5,68,5,21,30,5,5
2026-05-30 20:00:00+00:00,171,58,182,26.0,67,7,20,30,5,5
2026-05-30 19:00:00+00:00,174,53,204,26.6,64,9,19,30,5,5
2026-05-30 18:00:00+00:00,177,49,196,27.2,64,10,18,30,5,5
2026-05-30 17:00:00+00:00,182,44,167,28.5,60,11,17,30,5,5
2026-05-30 16:00:00+00:00,186,39,136,27.8,46,13,16,30,5,5
2026-05-30 15:00:00+00:00,192,36,119,27.8,47,14,15,30,5,5
2026-05-30 14:00:00+00:00,198,35,112,27.5,52,17,14,30,5,5
2026-05-30 13:00:00+00:00,213,34,112,27.5,54,13,13,30,5,5
2026-05-30 12:00:00+00:00,232,31,97,25.4,66,16,12,30,5,5
2026-05-30 11:00:00+00:00,255,23,56,24.0,75,24,11,30,5,5
2026-05-30 10:00:00+00:00,281,23,41,27.8,67,15,10,30,5,5
2026-05-30 09:00:00+00:00,303,57,145,24.5,87,17,9,30,5,5
2026-05-30 08:00:00+00:00,306,135,454,23.5,91,12,8,30,5,5
2026-05-30 07:00:00+00:00,291,188,710,23.1,89,8,7,30,5,5
2026-05-30 06:00:00+00:00,270,186,713,22.9,89,10,6,30,5,5
2026-05-30 05:00:00+00:00,257,154,572,22.8,80,23,5,30,5,5
2026-05-30 04:00:00+00:00,250,107,391,28.0,59,10,4,30,5,5
2026-05-30 03:00:00+00:00,242,97,332,28.5,58,10,3,30,5,5
2026-05-30 02:00:00+00:00,227,104,358,28.5,57,11,2,30,5,5
2026-05-30 01:00:00+00:00,207,111,388,27.6,55,12,1,30,5,5
2026-05-30 00:00:00+00:00,195,113,400,27.2,53,13,0,30,5,5
2026-05-29 23:00:00+00:00,188,109,384,28.1,50,14,23,29,5,4
2026-05-29 22:00:00+00:00,181,106,363,31.5,35,12,22,29,5,4
2026-05-29 21:00:00+00:00,175,107,352,32.7,31,16,21,29,5,4
2026-05-29 20:00:00+00:00,175,106,331,33.3,31,13,20,29,5,4
2026-05-29 19:00:00+00:00,186,101,324,34.5,29,11,19,29,5,4
2026-05-29 18:00:00+00:00,188,99,356,36.8,22,11,18,29,5,4
2026-05-29 17:00:00+00:00,181,105,417,39.5,15,6,17,29,5,4
2026-05-29 16:00:00+00:00,167,95,343,35.2,27,23,16,29,5,4
2026-05-29 15:00:00+00:00,159,101,377,39.7,20,8,15,29,5,4
2026-05-29 14:00:00+00:00,157,109,413,39.5,21,10,14,29,5,4
2026-05-29 13:00:00+00:00,155,118,426,38.8,24,12,13,29,5,4
2026-05-29 12:00:00+00:00,153,123,419,37.4,29,14,12,29,5,4
2026-05-29 11:00:00+00:00,150,131,432,35.9,33,15,11,29,5,4
2026-05-29 10:00:00+00:00,140,144,479,34.5,40,14,10,29,5,4
2026-05-29 09:00:00+00:00,128,153,522,32.5,44,12,9,29,5,4
2026-05-29 08:00:00+00:00,118,144,507,30.8,46,12,8,29,5,4
2026-05-29 07:00:00+00:00,113,121,444,29.2,45,13,7,29,5,4
2026-05-29 06:00:00+00:00,109,106,372,28.2,40,12,6,29,5,4
2026-05-29 05:00:00+00:00,107,94,353,29.0,34,8,5,29,5,4
2026-05-29 04:00:00+00:00,104,90,263,29.3,33,5,4,29,5,4
2026-05-29 03:00:00+00:00,103,71,202,30.0,29,8,3,29,5,4
2026-05-29 02:00:00+00:00,104,49,107,30.8,27,5,2,29,5,4
2026-05-29 01:00:00+00:00,106,38,49,32.5,31,1,1,29,5,4
2026-05-29 00:00:00+00:00,110,38,48,32.8,27,1,0,29,5,4
2026-05-28 23:00:00+00:00,113,36,46,34.4,21,4,23,28,5,3
2026-05-28 22:00:00+00:00,116,31,41,33.1,25,1,22,28,5,3
2026-05-28 21:00:00+00:00,118,27,37,34.0,21,3,21,28,5,3
2026-05-28 20:00:00+00:00,129,26,38,35.3,17,9,20,28,5,3
2026-05-28 19:00:00+00:00,148,23,38,36.5,16,14,19,28,5,3
2026-05-28 18:00:00+00:00,156,18,40,38.7,13,13,18,28,5,3
2026-05-28 17:00:00+00:00,157,16,49,41.0,10,12,17,28,5,3
2026-05-28 16:00:00+00:00,150,20,52,39.3,16,14,16,28,5,3
2026-05-28 15:00:00+00:00,133,20,51,39.0,19,14,15,28,5,3
2026-05-28 14:00:00+00:00,119,20,49,40.3,15,15,14,28,5,3
2026-05-28 13:00:00+00:00,119,19,47,40.3,15,14,13,28,5,3
2026-05-28 12:00:00+00:00,119,19,45,41.7,14,13,12,28,5,3
2026-05-28 11:00:00+00:00,118,22,48,40.0,18,14,11,28,5,3
2026-05-28 10:00:00+00:00,116,32,50,39.0,23,8,10,28,5,3
2026-05-28 09:00:00+00:00,114,39,57,36.8,26,6,9,28,5,3
2026-05-28 08:00:00+00:00,112,52,69,33.3,33,3,8,28,5,3
2026-05-28 07:00:00+00:00,109,67,83,30.2,41,3,7,28,5,3
2026-05-28 06:00:00+00:00,105,71,92,29.1,40,7,6,28,5,3
2026-05-28 05:00:00+00:00,101,75,97,30.1,36,6,5,28,5,3
2026-05-28 04:00:00+00:00,99,59,74,31.9,32,2,4,28,5,3
2026-05-28 03:00:00+00:00,98,59,76,32.9,30,3,3,28,5,3
2026-05-28 02:00:00+00:00,96,59,78,33.4,28,5,2,28,5,3
2026-05-28 01:00:00+00:00,94,63,83,34.1,26,4,1,28,5,3
2026-05-28 00:00:00+00:00,91,68,90,34.8,23,4,0,28,5,3
2026-05-27 23:00:00+00:00,88,68,89,36.3,23,1,23,27,5,2
2026-05-27 22:00:00+00:00,90,58,78,36.3,20,2,22,27,5,2
2026-05-27 21:00:00+00:00,118,48,66,37.8,18,3,21,27,5,2
2026-05-27 20:00:00+00:00,143,39,55,39.0,16,5,20,27,5,2
2026-05-27 19:00:00+00:00,159,29,44,40.2,14,9,19,27,5,2
2026-05-27 18:00:00+00:00,165,20,38,41.3,13,15,18,27,5,2
2026-05-27 17:00:00+00:00,163,19,42,42.2,12,14,17,27,5,2
2026-05-27 16:00:00+00:00,154,16,35,42.5,12,13,16,27,5,2
2026-05-27 15:00:00+00:00,138,16,36,43.2,12,13,15,27,5,2
2026-05-27 14:00:00+00:00,114,16,39,43.5,12,12,14,27,5,2
2026-05-27 13:00:00+00:00,83,18,42,43.2,12,11,13,27,5,2
2026-05-27 12:00:00+00:00,80,16,39,42.8,12,11,12,27,5,2
2026-05-27 11:00:00+00:00,80,14,30,41.9,13,10,11,27,5,2
2026-05-27 10:00:00+00:00,80,16,24,40.3,16,9,10,27,5,2
2026-05-27 09:00:00+00:00,80,21,25,37.8,21,6,9,27,5,2
2026-05-27 08:00:00+00:00,80,28,31,34.7,28,5,8,27,5,2
2026-05-27 07:00:00+00:00,81,36,39,32.0,32,4,7,27,5,2
2026-05-27 06:00:00+00:00,81,40,44,30.2,35,6,6,27,5,2
2026-05-27 05:00:00+00:00,81,37,41,29.8,36,5,5,27,5,2
2026-05-27 04:00:00+00:00,81,39,44,30.1,31,6,4,27,5,2
2026-05-27 03:00:00+00:00,80,39,44,30.6,30,6,3,27,5,2
2026-05-27 02:00:00+00:00,79,38,44,31.4,28,5,2,27,5,2
2026-05-27 01:00:00+00:00,78,37,44,32.5,26,7,1,27,5,2
2026-05-27 00:00:00+00:00,77,36,42,32.8,25,6,0,27,5,2
2026-05-26 23:00:00+00:00,77,35,42,33.7,25,4,23,26,5,1
2026-05-26 22:00:00+00:00,100,33,41,33.8,23,5,22,26,5,1
2026-05-26 21:00:00+00:00,123,31,39,35.0,22,4,21,26,5,1
2026-05-26 20:00:00+00:00,143,29,36,36.3,20,4,20,26,5,1
2026-05-26 19:00:00+00:00,156,24,31,37.8,17,6,19,26,5,1
2026-05-26 18:00:00+00:00,159,17,27,39.9,13,9,18,26,5,1
2026-05-26 17:00:00+00:00,155,16,26,41.2,11,11,17,26,5,1
2026-05-26 16:00:00+00:00,142,13,22,40.8,12,12,16,26,5,1
2026-05-26 15:00:00+00:00,121,12,21,41.3,11,14,15,26,5,1
2026-05-26 14:00:00+00:00,95,11,19,41.5,10,13,14,26,5,1
2026-05-26 13:00:00+00:00,79,10,20,41.3,10,13,13,26,5,1
2026-05-26 12:00:00+00:00,80,10,21,41.0,11,12,12,26,5,1
2026-05-26 11:00:00+00:00,81,11,21,40.2,12,10,11,26,5,1
2026-05-26 10:00:00+00:00,82,17,24,38.2,17,7,10,26,5,1
2026-05-26 09:00:00+00:00,83,24,32,35.5,23,6,9,26,5,1
2026-05-26 08:00:00+00:00,83,33,43,32.2,31,6,8,26,5,1
2026-05-26 07:00:00+00:00,83,44,51,29.4,36,6,7,26,5,1
2026-05-26 06:00:00+00:00,83,42,49,27.6,38,7,6,26,5,1
2026-05-26 05:00:00+00:00,84,36,43,27.9,36,4,5,26,5,1
2026-05-26 04:00:00+00:00,84,32,39,27.8,33,4,4,26,5,1
2026-05-26 03:00:00+00:00,85,30,36,29.0,29,5,3,26,5,1
2026-05-26 02:00:00+00:00,85,29,35,30.1,28,6,2,26,5,1
2026-05-26 01:00:00+00:00,86,28,34,30.9,29,4,1,26,5,1
2026-05-26 00:00:00+00:00,86,26,34,31.5,28,4,0,26,5,1
2026-05-25 23:00:00+00:00,87,26,34,33.2,25,5,23,25,5,0
2026-05-25 22:00:00+00:00,96,26,35,33.3,22,9,22,25,5,0
2026-05-25 21:00:00+00:00,115,27,37,34.5,22,10,21,25,5,0
2026-05-25 20:00:00+00:00,132,29,39,36.0,19,10,20,25,5,0
2026-05-25 19:00:00+00:00,143,27,38,37.5,17,12,19,25,5,0
2026-05-25 18:00:00+00:00,145,21,35,39.2,13,14,18,25,5,0
2026-05-25 17:00:00+00:00,137,18,36,40.8,10,14,17,25,5,0
2026-05-25 16:00:00+00:00,121,19,41,40.1,14,15,16,25,5,0
2026-05-25 15:00:00+00:00,101,19,42,40.8,14,11,15,25,5,0
2026-05-25 14:00:00+00:00,89,19,43,40.8,14,8,14,25,5,0
2026-05-25 13:00:00+00:00,89,20,45,40.5,13,8,13,25,5,0
2026-05-25 12:00:00+00:00,89,21,48,39.8,14,9,12,25,5,0
2026-05-25 11:00:00+00:00,89,24,54,39.3,15,10,11,25,5,0
2026-05-25 10:00:00+00:00,89,28,60,37.2,22,6,10,25,5,0
2026-05-25 09:00:00+00:00,89,32,63,35.2,26,6,9,25,5,0
2026-05-25 08:00:00+00:00,88,39,66,33.5,31,8,8,25,5,0
2026-05-25 07:00:00+00:00,87,42,63,31.5,35,10,7,25,5,0
2026-05-25 06:00:00+00:00,85,43,65,30.0,38,8,6,25,5,0
2026-05-25 05:00:00+00:00,84,43,68,30.0,39,4,5,25,5,0
2026-05-25 04:00:00+00:00,83,36,54,29.5,42,1,4,25,5,0
2026-05-25 03:00:00+00:00,83,35,51,30.1,34,8,3,25,5,0
2026-05-25 02:00:00+00:00,83,35,50,30.6,33,9,2,25,5,0
2026-05-25 01:00:00+00:00,83,35,50,31.0,33,5,1,25,5,0
2026-05-25 00:00:00+00:00,83,34,50,31.5,33,4,0,25,5,0
2026-05-24 23:00:00+00:00,83,33,50,32.5,31,4,23,24,5,6
2026-05-24 22:00:00+00:00,83,31,48,32.2,29,7,22,24,5,6
2026-05-24 21:00:00+00:00,87,30,47,33.1,27,9,21,24,5,6
2026-05-24 20:00:00+00:00,105,30,46,34.3,25,11,20,24,5,6
2026-05-24 19:00:00+00:00,117,29,46,35.6,22,10,19,24,5,6
2026-05-24 18:00:00+00:00,120,22,42,36.8,20,10,18,24,5,6
2026-05-24 17:00:00+00:00,116,19,47,37.7,19,10,17,24,5,6
2026-05-24 16:00:00+00:00,103,24,65,38.8,19,10,16,24,5,6
2026-05-24 15:00:00+00:00,91,23,63,38.9,19,11,15,24,5,6
2026-05-24 14:00:00+00:00,85,22,61,38.5,20,15,14,24,5,6
2026-05-24 13:00:00+00:00,86,22,60,39.2,19,16,13,24,5,6
2026-05-24 12:00:00+00:00,87,22,59,39.5,16,8,12,24,5,6
2026-05-24 11:00:00+00:00,88,22,59,38.3,19,9,11,24,5,6
2026-05-24 10:00:00+00:00,90,24,55,37.5,20,9,10,24,5,6
2026-05-24 09:00:00+00:00,91,28,53,35.2,26,4,9,24,5,6
2026-05-24 08:00:00+00:00,93,29,50,31.9,34,13,8,24,5,6
2026-05-24 07:00:00+00:00,95,29,45,30.8,38,8,7,24,5,6
2026-05-24 06:00:00+00:00,97,27,45,29.3,41,8,6,24,5,6
2026-05-24 05:00:00+00:00,98,27,46,29.9,40,6,5,24,5,6
2026-05-24 04:00:00+00:00,100,29,41,29.6,34,8,4,24,5,6
2026-05-24 03:00:00+00:00,101,30,43,30.3,34,8,3,24,5,6
2026-05-24 02:00:00+00:00,102,32,46,30.6,35,8,2,24,5,6
2026-05-24 01:00:00+00:00,103,35,49,31.7,33,4,1,24,5,6
2026-05-24 00:00:00+00:00,103,37,53,32.8,30,7,0,24,5,6
2026-05-23 23:00:00+00:00,104,36,52,34.1,27,6,23,23,5,5
2026-05-23 22:00:00+00:00,106,32,49,33.2,27,4,22,23,5,5
2026-05-23 21:00:00+00:00,108,30,47,34.1,25,4,21,23,5,5
2026-05-23 20:00:00+00:00,131,30,48,35.7,22,5,20,23,5,5
2026-05-23 19:00:00+00:00,147,27,47,37.3,17,8,19,23,5,5
2026-05-23 18:00:00+00:00,153,24,50,39.0,14,8,18,23,5,5
2026-05-23 17:00:00+00:00,149,24,61,40.0,12,10,17,23,5,5
2026-05-23 16:00:00+00:00,136,26,66,39.5,17,15,16,23,5,5
2026-05-23 15:00:00+00:00,118,28,73,40.2,16,14,15,23,5,5
2026-05-23 14:00:00+00:00,109,30,80,40.5,15,8,14,23,5,5
2026-05-23 13:00:00+00:00,109,33,89,40.3,15,4,13,23,5,5
2026-05-23 12:00:00+00:00,108,35,96,39.9,15,3,12,23,5,5
2026-05-23 11:00:00+00:00,106,38,102,38.6,19,2,11,23,5,5
2026-05-23 10:00:00+00:00,105,42,100,36.5,29,6,10,23,5,5
2026-05-23 09:00:00+00:00,103,46,98,36.0,28,4,9,23,5,5
2026-05-23 08:00:00+00:00,101,48,93,33.8,35,2,8,23,5,5
2026-05-23 07:00:00+00:00,99,51,79,30.7,45,5,7,23,5,5
2026-05-23 06:00:00+00:00,97,48,72,29.4,47,6,6,23,5,5
2026-05-23 05:00:00+00:00,96,43,65,29.6,46,4,5,23,5,5
2026-05-23 04:00:00+00:00,94,47,70,30.1,38,10,4,23,5,5
2026-05-23 03:00:00+00:00,93,43,64,30.1,38,5,3,23,5,5
2026-05-23 02:00:00+00:00,91,41,61,30.7,36,7,2,23,5,5
2026-05-23 01:00:00+00:00,90,41,61,31.4,35,7,1,23,5,5
2026-05-23 00:00:00+00:00,89,43,63,32.4,32,7,0,23,5,5
2026-05-22 23:00:00+00:00,87,46,67,33.8,30,7,23,22,5,4
2026-05-22 22:00:00+00:00,85,44,65,34.2,30,2,22,22,5,4
2026-05-22 21:00:00+00:00,92,39,61,35.0,32,0,21,22,5,4
2026-05-22 20:00:00+00:00,110,36,61,35.5,31,1,20,22,5,4
2026-05-22 19:00:00+00:00,121,31,60,36.2,27,2,19,22,5,4
2026-05-22 18:00:00+00:00,122,26,69,38.0,19,6,18,22,5,4
2026-05-22 17:00:00+00:00,113,24,64,38.6,18,7,17,22,5,4
2026-05-22 16:00:00+00:00,98,32,104,38.8,19,6,16,22,5,4
2026-05-22 15:00:00+00:00,81,31,104,39.2,19,5,15,22,5,4
2026-05-22 14:00:00+00:00,81,30,102,39.3,19,4,14,22,5,4
2026-05-22 13:00:00+00:00,80,29,96,39.3,18,4,13,22,5,4
2026-05-22 12:00:00+00:00,80,27,82,38.8,19,5,12,22,5,4
2026-05-22 11:00:00+00:00,79,26,70,37.8,20,9,11,22,5,4
2026-05-22 10:00:00+00:00,79,28,71,36.5,25,8,10,22,5,4
2026-05-22 09:00:00+00:00,79,28,69,34.2,32,8,9,22,5,4
2026-05-22 08:00:00+00:00,79,27,60,31.0,43,8,8,22,5,4
2026-05-22 07:00:00+00:00,79,26,55,29.0,47,10,7,22,5,4
2026-05-22 06:00:00+00:00,79,27,55,28.0,50,9,6,22,5,4
2026-05-22 05:00:00+00:00,79,29,66,27.8,51,9,5,22,5,4
2026-05-22 04:00:00+00:00,79,30,62,27.9,47,13,4,22,5,4
2026-05-22 03:00:00+00:00,79,28,57,28.0,48,14,3,22,5,4
2026-05-22 02:00:00+00:00,79,27,52,28.2,46,13,2,22,5,4
2026-05-22 01:00:00+00:00,79,26,48,29.5,41,19,1,22,5,4
2026-05-22 00:00:00+00:00,80,25,47,32.0,38,21,0,22,5,4
2026-05-21 23:00:00+00:00,80,25,47,34.0,30,17,23,21,5,3
2026-05-21 22:00:00+00:00,81,26,48,35.5,22,12,22,21,5,3
2026-05-21 21:00:00+00:00,81,28,50,36.7,20,12,21,21,5,3
2026-05-21 20:00:00+00:00,81,35,55,37.8,16,7,20,21,5,3
2026-05-21 19:00:00+00:00,90,35,56,38.8,15,8,19,21,5,3
2026-05-21 18:00:00+00:00,100,25,48,40.5,13,9,18,21,5,3
2026-05-21 17:00:00+00:00,99,19,48,41.6,12,8,17,21,5,3
2026-05-21 16:00:00+00:00,91,19,47,40.7,15,11,16,21,5,3
2026-05-21 15:00:00+00:00,82,18,44,40.4,16,14,15,21,5,3
2026-05-21 14:00:00+00:00,83,19,45,41.2,15,14,14,21,5,3
2026-05-21 13:00:00+00:00,83,21,50,40.5,17,13,13,21,5,3
2026-05-21 12:00:00+00:00,85,24,54,39.7,18,15,12,21,5,3
2026-05-21 11:00:00+00:00,86,24,54,39.0,18,18,11,21,5,3
2026-05-21 10:00:00+00:00,88,23,48,38.3,20,11,10,21,5,3
2026-05-21 09:00:00+00:00,90,26,49,35.8,23,11,9,21,5,3
2026-05-21 08:00:00+00:00,93,29,49,33.8,25,14,8,21,5,3
2026-05-21 07:00:00+00:00,95,28,43,32.0,31,11,7,21,5,3
2026-05-21 06:00:00+00:00,98,26,40,31.1,30,15,6,21,5,3
2026-05-21 05:00:00+00:00,101,25,37,31.6,31,16,5,21,5,3
2026-05-21 04:00:00+00:00,103,32,48,29.7,33,16,4,21,5,3
2026-05-21 03:00:00+00:00,106,30,45,31.6,30,12,3,21,5,3
2026-05-21 02:00:00+00:00,109,29,43,32.7,30,9,2,21,5,3
2026-05-21 01:00:00+00:00,111,29,43,33.5,34,10,1,21,5,3
2026-05-21 00:00:00+00:00,114,30,44,35.2,32,8,0,21,5,3
2026-05-20 23:00:00+00:00,115,31,45,36.5,29,5,23,20,5,2
2026-05-20 22:00:00+00:00,115,32,45,36.7,26,4,22,20,5,2
2026-05-20 21:00:00+00:00,116,31,44,37.9,22,5,21,20,5,2
2026-05-20 20:00:00+00:00,148,30,44,39.1,20,7,20,20,5,2
2026-05-20 19:00:00+00:00,172,27,44,40.0,18,8,19,20,5,2
2026-05-20 18:00:00+00:00,184,21,43,41.2,15,10,18,20,5,2
2026-05-20 17:00:00+00:00,184,18,51,42.3,13,10,17,20,5,2
2026-05-20 16:00:00+00:00,170,29,76,42.2,14,11,16,20,5,2
2026-05-20 15:00:00+00:00,151,30,78,42.8,13,10,15,20,5,2
2026-05-20 14:00:00+00:00,118,30,79,43.0,12,10,14,20,5,2
2026-05-20 13:00:00+00:00,112,32,81,43.0,12,10,13,20,5,2
2026-05-20 12:00:00+00:00,111,35,89,42.6,12,9,12,20,5,2
2026-05-20 11:00:00+00:00,110,41,83,41.8,13,8,11,20,5,2
2026-05-20 10:00:00+00:00,109,44,76,40.2,17,4,10,20,5,2
2026-05-20 09:00:00+00:00,108,53,85,36.8,28,2,9,20,5,2
2026-05-20 08:00:00+00:00,107,58,83,33.0,36,3,8,20,5,2
2026-05-20 07:00:00+00:00,106,57,74,30.0,42,5,7,20,5,2
2026-05-20 06:00:00+00:00,106,54,75,28.1,45,6,6,20,5,2
2026-05-20 05:00:00+00:00,106,55,73,28.5,43,5,5,20,5,2
2026-05-20 04:00:00+00:00,106,58,75,27.4,43,4,4,20,5,2
2026-05-20 03:00:00+00:00,105,56,70,28.1,40,5,3,20,5,2
2026-05-20 02:00:00+00:00,104,55,66,29.3,37,5,2,20,5,2
2026-05-20 01:00:00+00:00,103,54,62,30.9,33,4,1,20,5,2
2026-05-20 00:00:00+00:00,102,50,57,33.1,31,1,0,20,5,2
2026-05-19 23:00:00+00:00,102,43,48,34.0,34,1,23,19,5,1
2026-05-19 22:00:00+00:00,102,36,40,33.8,27,5,22,19,5,1
2026-05-19 21:00:00+00:00,102,34,37,34.6,24,5,21,19,5,1
2026-05-19 20:00:00+00:00,116,33,36,36.5,21,5,20,19,5,1
2026-05-19 19:00:00+00:00,143,27,31,38.5,17,9,19,19,5,1
2026-05-19 18:00:00+00:00,155,14,19,40.5,11,12,18,19,5,1
2026-05-19 17:00:00+00:00,154,11,20,41.8,10,12,17,19,5,1
2026-05-19 16:00:00+00:00,142,19,53,41.8,10,11,16,19,5,1
2026-05-19 15:00:00+00:00,122,22,68,42.3,10,11,15,19,5,1
2026-05-19 14:00:00+00:00,105,26,86,42.8,9,11,14,19,5,1
2026-05-19 13:00:00+00:00,104,30,101,42.5,11,10,13,19,5,1
2026-05-19 12:00:00+00:00,103,30,76,41.8,13,10,12,19,5,1
2026-05-19 11:00:00+00:00,102,27,48,40.8,15,9,11,19,5,1
2026-05-19 10:00:00+00:00,100,34,60,38.8,21,5,10,19,5,1
2026-05-19 09:00:00+00:00,99,42,72,36.8,25,5,9,19,5,1
2026-05-19 08:00:00+00:00,98,48,69,34.6,33,5,8,19,5,1
2026-05-19 07:00:00+00:00,96,53,63,31.6,43,5,7,19,5,1
2026-05-19 06:00:00+00:00,94,54,67,29.5,50,5,6,19,5,1
2026-05-19 05:00:00+00:00,92,54,70,30.0,50,2,5,19,5,1
2026-05-19 04:00:00+00:00,89,58,80,30.0,50,2,4,19,5,1
2026-05-19 03:00:00+00:00,87,52,74,31.4,43,1,3,19,5,1
2026-05-19 02:00:00+00:00,86,44,66,32.8,40,1,2,19,5,1
2026-05-19 01:00:00+00:00,85,41,61,33.8,38,1,1,19,5,1
2026-05-19 00:00:00+00:00,84,40,57,34.8,35,2,0,19,5,1
2026-05-18 23:00:00+00:00,84,39,55,35.6,36,4,23,18,5,0
2026-05-18 22:00:00+00:00,84,37,52,36.0,34,5,22,18,5,0
2026-05-18 21:00:00+00:00,108,35,50,36.8,32,6,21,18,5,0
2026-05-18 20:00:00+00:00,132,35,50,38.4,29,8,20,18,5,0
2026-05-18 19:00:00+00:00,150,31,49,39.6,25,8,19,18,5,0
2026-05-18 18:00:00+00:00,154,24,46,40.8,24,11,18,18,5,0
2026-05-18 17:00:00+00:00,149,22,57,41.8,22,12,17,18,5,0
2026-05-18 16:00:00+00:00,132,25,66,42.5,20,8,16,18,5,0
2026-05-18 15:00:00+00:00,110,23,59,42.6,21,6,15,18,5,0
2026-05-18 14:00:00+00:00,85,21,48,42.3,22,6,14,18,5,0
2026-05-18 13:00:00+00:00,82,19,40,41.7,23,7,13,18,5,0
2026-05-18 12:00:00+00:00,82,18,33,40.9,23,8,12,18,5,0
2026-05-18 11:00:00+00:00,82,18,31,40.0,23,7,11,18,5,0
2026-05-18 10:00:00+00:00,83,22,35,38.4,26,4,10,18,5,0
2026-05-18 09:00:00+00:00,83,28,42,35.9,34,3,9,18,5,0
2026-05-18 08:00:00+00:00,84,32,45,33.2,41,2,8,18,5,0
2026-05-18 07:00:00+00:00,85,34,43,30.7,47,6,7,18,5,0
2026-05-18 06:00:00+00:00,87,31,42,29.1,51,7,6,18,5,0
2026-05-18 05:00:00+00:00,88,30,42,29.3,49,7,5,18,5,0
2026-05-18 04:00:00+00:00,90,29,39,29.5,46,8,4,18,5,0
2026-05-18 03:00:00+00:00,92,29,39,30.0,45,9,3,18,5,0
2026-05-18 02:00:00+00:00,94,29,40,30.5,44,8,2,18,5,0
2026-05-18 01:00:00+00:00,96,30,41,31.1,43,8,1,18,5,0
2026-05-18 00:00:00+00:00,98,32,43,31.8,42,8,0,18,5,0
2026-05-17 23:00:00+00:00,101,34,46,32.8,39,7,23,17,5,6
2026-05-17 22:00:00+00:00,103,35,47,32.8,37,6,22,17,5,6
2026-05-17 21:00:00+00:00,105,34,46,33.7,35,7,21,17,5,6
2026-05-17 20:00:00+00:00,117,31,43,34.8,31,9,20,17,5,6
2026-05-17 19:00:00+00:00,132,26,38,36.0,27,9,19,17,5,6
2026-05-17 18:00:00+00:00,137,20,35,37.5,22,12,18,17,5,6
2026-05-17 17:00:00+00:00,132,19,40,38.7,20,13,17,17,5,6
2026-05-17 16:00:00+00:00,119,20,44,39.1,20,14,16,17,5,6
2026-05-17 15:00:00+00:00,112,20,46,39.5,20,14,15,17,5,6
2026-05-17 14:00:00+00:00,112,21,48,39.5,20,13,14,17,5,6
2026-05-17 13:00:00+00:00,112,21,49,39.1,20,13,13,17,5,6
2026-05-17 12:00:00+00:00,112,21,49,38.4,22,10,12,17,5,6
2026-05-17 11:00:00+00:00,113,22,49,37.6,24,8,11,17,5,6
2026-05-17 10:00:00+00:00,112,29,62,35.4,34,3,10,17,5,6
2026-05-17 09:00:00+00:00,112,36,75,33.3,41,3,9,17,5,6
2026-05-17 08:00:00+00:00,111,41,76,30.9,49,1,8,17,5,6
2026-05-17 07:00:00+00:00,110,45,69,28.8,57,2,7,17,5,6
2026-05-17 06:00:00+00:00,108,47,76,27.6,60,4,6,17,5,6
2026-05-17 05:00:00+00:00,107,43,70,28.2,52,7,5,17,5,6
2026-05-17 04:00:00+00:00,105,50,74,27.4,50,6,4,17,5,6
2026-05-17 03:00:00+00:00,103,50,75,28.3,49,8,3,17,5,6
2026-05-17 02:00:00+00:00,102,52,77,28.8,50,8,2,17,5,6
2026-05-17 01:00:00+00:00,100,55,80,29.4,50,6,1,17,5,6
2026-05-17 00:00:00+00:00,98,59,85,30.4,46,5,0,17,5,6
2026-05-16 23:00:00+00:00,97,60,88,32.0,41,4,23,16,5,5
2026-05-16 22:00:00+00:00,97,59,87,32.3,33,4,22,16,5,5
2026-05-16 21:00:00+00:00,97,56,85,33.5,29,5,21,16,5,5
2026-05-16 20:00:00+00:00,122,51,80,34.5,25,6,20,16,5,5
2026-05-16 19:00:00+00:00,146,40,68,35.3,23,7,19,16,5,5
2026-05-16 18:00:00+00:00,153,29,58,36.8,21,9,18,16,5,5
2026-05-16 17:00:00+00:00,147,26,69,37.5,20,12,17,16,5,5
2026-05-16 16:00:00+00:00,129,27,69,37.5,21,10,16,16,5,5
2026-05-16 15:00:00+00:00,107,26,66,37.8,21,11,15,16,5,5
2026-05-16 14:00:00+00:00,104,24,60,37.9,22,10,14,16,5,5
2026-05-16 13:00:00+00:00,105,23,53,37.5,24,7,13,16,5,5
2026-05-16 12:00:00+00:00,107,23,44,36.8,25,5,12,16,5,5
2026-05-16 11:00:00+00:00,110,24,37,35.8,27,3,11,16,5,5
2026-05-16 10:00:00+00:00,112,27,42,34.0,33,4,10,16,5,5
2026-05-16 09:00:00+00:00,114,30,49,31.9,40,7,9,16,5,5
2026-05-16 08:00:00+00:00,116,33,52,29.4,49,6,8,16,5,5
2026-05-16 07:00:00+00:00,119,33,47,27.4,55,5,7,16,5,5
2026-05-16 06:00:00+00:00,121,32,46,26.2,58,7,6,16,5,5
2026-05-16 05:00:00+00:00,124,30,43,26.6,54,7,5,16,5,5
2026-05-16 04:00:00+00:00,127,33,37,26.4,55,5,4,16,5,5
2026-05-16 03:00:00+00:00,130,33,38,27.1,52,6,3,16,5,5
2026-05-16 02:00:00+00:00,134,36,40,27.7,51,6,2,16,5,5
2026-05-16 01:00:00+00:00,137,39,44,28.5,49,8,1,16,5,5
2026-05-16 00:00:00+00:00,139,42,48,29.5,45,8,0,16,5,5
2026-05-15 23:00:00+00:00,142,46,54,30.6,42,9,23,15,5,4
2026-05-15 22:00:00+00:00,143,52,62,31.5,36,8,22,15,5,4
2026-05-15 21:00:00+00:00,144,60,75,32.3,33,9,21,15,5,4
2026-05-15 20:00:00+00:00,146,63,82,32.7,32,5,20,15,5,4
2026-05-15 19:00:00+00:00,147,53,75,33.4,30,3,19,15,5,4
2026-05-15 18:00:00+00:00,152,41,64,34.7,27,5,18,15,5,4
2026-05-15 17:00:00+00:00,149,36,74,35.5,25,7,17,15,5,4
2026-05-15 16:00:00+00:00,150,32,68,35.5,26,9,16,15,5,4
2026-05-15 15:00:00+00:00,150,32,73,35.5,27,10,15,15,5,4
2026-05-15 14:00:00+00:00,150,34,75,35.3,27,10,14,15,5,4
2026-05-15 13:00:00+00:00,150,37,79,35.0,29,11,13,15,5,4
2026-05-15 12:00:00+00:00,150,44,83,33.8,33,12,12,15,5,4
2026-05-15 11:00:00+00:00,150,47,82,33.3,35,9,11,15,5,4
2026-05-15 10:00:00+00:00,150,48,76,32.8,38,4,10,15,5,4
2026-05-15 09:00:00+00:00,150,50,76,30.9,44,6,9,15,5,4
2026-05-15 08:00:00+00:00,150,53,77,28.7,50,5,8,15,5,4
2026-05-15 07:00:00+00:00,149,57,76,26.8,54,4,7,15,5,4
2026-05-15 06:00:00+00:00,149,57,75,25.5,58,3,6,15,5,4
2026-05-15 05:00:00+00:00,148,57,80,25.4,58,2,5,15,5,4
2026-05-15 04:00:00+00:00,147,64,78,24.5,61,3,4,15,5,4
2026-05-15 03:00:00+00:00,145,65,81,24.8,61,0,3,15,5,4
2026-05-15 02:00:00+00:00,143,66,83,25.2,57,1,2,15,5,4
2026-05-15 01:00:00+00:00,141,67,86,25.5,54,11,1,15,5,4
2026-05-15 00:00:00+00:00,138,67,89,26.5,53,12,0,15,5,4
2026-05-14 23:00:00+00:00,136,68,92,26.3,59,8,23,14,5,3
2026-05-14 22:00:00+00:00,134,69,94,26.9,59,8,22,14,5,3
2026-05-14 21:00:00+00:00,132,72,99,30.9,36,19,21,14,5,3
2026-05-14 20:00:00+00:00,154,74,106,32.5,30,15,20,14,5,3
2026-05-14 19:00:00+00:00,174,68,99,34.7,25,10,19,14,5,3
2026-05-14 18:00:00+00:00,181,55,84,36.4,21,9,18,14,5,3
2026-05-14 17:00:00+00:00,176,41,83,37.3,18,3,17,14,5,3
2026-05-14 16:00:00+00:00,158,39,80,36.8,21,10,16,14,5,3
2026-05-14 15:00:00+00:00,141,39,76,38.2,21,7,15,14,5,3
2026-05-14 14:00:00+00:00,145,40,74,38.0,23,7,14,14,5,3
2026-05-14 13:00:00+00:00,149,44,80,37.5,24,8,13,14,5,3
2026-05-14 12:00:00+00:00,150,46,84,37.1,25,3,12,14,5,3
2026-05-14 11:00:00+00:00,151,45,77,35.1,28,1,11,14,5,3
2026-05-14 10:00:00+00:00,152,42,70,33.2,33,2,10,14,5,3
2026-05-14 09:00:00+00:00,152,43,74,30.7,42,2,9,14,5,3
2026-05-14 08:00:00+00:00,152,48,84,27.9,52,4,8,14,5,3
2026-05-14 07:00:00+00:00,152,51,81,25.0,62,6,7,14,5,3
2026-05-14 06:00:00+00:00,153,50,87,23.5,66,7,6,14,5,3
2026-05-14 05:00:00+00:00,153,51,103,23.7,62,8,5,14,5,3
2026-05-14 04:00:00+00:00,153,49,70,24.5,58,6,4,14,5,3
2026-05-14 03:00:00+00:00,154,52,80,25.0,56,6,3,14,5,3
2026-05-14 02:00:00+00:00,154,47,76,25.8,54,7,2,14,5,3
2026-05-14 01:00:00+00:00,155,44,71,26.2,53,8,1,14,5,3
2026-05-14 00:00:00+00:00,155,44,69,26.5,54,7,0,14,5,3
2026-05-13 23:00:00+00:00,155,46,71,27.3,52,10,23,13,5,2
2026-05-13 22:00:00+00:00,156,49,74,29.5,41,11,22,13,5,2
2026-05-13 21:00:00+00:00,156,55,82,31.0,38,12,21,13,5,2
2026-05-13 20:00:00+00:00,156,63,98,32.1,34,10,20,13,5,2
2026-05-13 19:00:00+00:00,170,67,116,34.5,25,10,19,13,5,2
2026-05-13 18:00:00+00:00,173,64,132,36.2,21,12,18,13,5,2
2026-05-13 17:00:00+00:00,164,65,179,38.0,18,9,17,13,5,2
2026-05-13 16:00:00+00:00,154,71,214,37.8,19,10,16,13,5,2
2026-05-13 15:00:00+00:00,154,73,224,38.0,19,10,15,13,5,2
2026-05-13 14:00:00+00:00,153,74,228,38.2,20,7,14,13,5,2
2026-05-13 13:00:00+00:00,152,78,240,38.2,19,6,13,13,5,2
2026-05-13 12:00:00+00:00,152,83,257,37.7,22,3,12,13,5,2
2026-05-13 11:00:00+00:00,151,79,244,37.3,24,6,11,13,5,2
2026-05-13 10:00:00+00:00,150,68,199,36.0,34,8,10,13,5,2
2026-05-13 09:00:00+00:00,150,57,132,33.7,47,9,9,13,5,2
2026-05-13 08:00:00+00:00,151,55,81,31.2,54,8,8,13,5,2
2026-05-13 07:00:00+00:00,151,59,67,29.0,58,6,7,13,5,2
2026-05-13 06:00:00+00:00,152,58,63,27.6,60,8,6,13,5,2
2026-05-13 05:00:00+00:00,152,56,58,28.0,58,6,5,13,5,2
2026-05-13 04:00:00+00:00,152,75,120,27.4,60,3,4,13,5,2
2026-05-13 03:00:00+00:00,153,73,124,28.0,58,4,3,13,5,2
2026-05-13 02:00:00+00:00,153,68,118,28.8,54,6,2,13,5,2
2026-05-13 01:00:00+00:00,154,65,112,29.4,52,6,1,13,5,2
2026-05-13 00:00:00+00:00,155,63,112,30.1,48,7,0,13,5,2
2026-05-12 23:00:00+00:00,156,61,111,31.0,44,7,23,12,5,1
2026-05-12 22:00:00+00:00,156,59,109,30.5,39,6,22,12,5,1
2026-05-12 21:00:00+00:00,157,56,104,31.7,35,7,21,12,5,1
2026-05-12 20:00:00+00:00,157,55,103,33.1,31,7,20,12,5,1
2026-05-12 19:00:00+00:00,157,55,113,34.2,30,13,19,12,5,1
2026-05-12 18:00:00+00:00,157,52,133,36.2,26,12,18,12,5,1
2026-05-12 17:00:00+00:00,158,51,130,37.5,23,11,17,12,5,1
2026-05-12 16:00:00+00:00,158,50,132,36.8,26,7,16,12,5,1
2026-05-12 15:00:00+00:00,159,50,141,36.7,27,8,15,12,5,1
2026-05-12 14:00:00+00:00,159,48,125,36.7,28,7,14,12,5,1
2026-05-12 13:00:00+00:00,160,46,113,36.9,29,5,13,12,5,1
2026-05-12 12:00:00+00:00,161,45,98,36.2,31,4,12,12,5,1
2026-05-12 11:00:00+00:00,162,47,96,35.6,33,6,11,12,5,1
2026-05-12 10:00:00+00:00,163,47,83,34.2,36,7,10,12,5,1
2026-05-12 09:00:00+00:00,163,53,80,32.3,43,7,9,12,5,1
2026-05-12 08:00:00+00:00,163,69,106,29.9,54,5,8,12,5,1
2026-05-12 07:00:00+00:00,163,79,115,27.1,65,6,7,12,5,1
2026-05-12 06:00:00+00:00,163,80,116,25.5,68,7,6,12,5,1
2026-05-12 05:00:00+00:00,163,79,120,24.9,71,7,5,12,5,1
2026-05-12 04:00:00+00:00,162,88,148,24.9,78,3,4,12,5,1
2026-05-12 03:00:00+00:00,162,93,164,25.5,72,5,3,12,5,1
2026-05-12 02:00:00+00:00,161,98,185,26.3,69,9,2,12,5,1
2026-05-12 01:00:00+00:00,161,100,202,26.8,69,9,1,12,5,1
2026-05-12 00:00:00+00:00,160,97,206,27.2,72,10,0,12,5,1
2026-05-11 23:00:00+00:00,160,90,201,28.3,68,8,23,11,5,0
2026-05-11 22:00:00+00:00,160,82,190,28.6,62,6,22,11,5,0
2026-05-11 21:00:00+00:00,171,77,185,29.5,58,8,21,11,5,0
2026-05-11 20:00:00+00:00,190,72,180,30.5,55,8,20,11,5,0
2026-05-11 19:00:00+00:00,201,64,174,31.4,54,6,19,11,5,0
2026-05-11 18:00:00+00:00,203,60,208,32.6,47,6,18,11,5,0
2026-05-11 17:00:00+00:00,200,60,224,33.7,41,5,17,11,5,0
2026-05-11 16:00:00+00:00,189,75,319,32.2,48,7,16,11,5,0
2026-05-11 15:00:00+00:00,173,79,350,32.0,49,10,15,11,5,0
2026-05-11 14:00:00+00:00,160,82,380,30.6,54,10,14,11,5,0
2026-05-11 13:00:00+00:00,160,85,406,29.1,59,15,13,11,5,0
2026-05-11 12:00:00+00:00,160,87,432,30.9,51,14,12,11,5,0
2026-05-11 11:00:00+00:00,160,85,418,32.8,45,3,11,11,5,0
2026-05-11 10:00:00+00:00,161,78,334,32.9,42,9,10,11,5,0
2026-05-11 09:00:00+00:00,162,71,245,30.5,49,11,9,11,5,0
2026-05-11 08:00:00+00:00,162,71,167,27.5,59,11,8,11,5,0
2026-05-11 07:00:00+00:00,163,71,138,25.5,66,11,7,11,5,0
2026-05-11 06:00:00+00:00,163,70,123,24.5,70,12,6,11,5,0
2026-05-11 05:00:00+00:00,163,69,117,24.1,73,17,5,11,5,0
2026-05-11 04:00:00+00:00,163,75,231,25.8,76,9,4,11,5,0
2026-05-11 03:00:00+00:00,163,74,224,25.8,77,9,3,11,5,0
2026-05-11 02:00:00+00:00,162,75,224,25.5,79,9,2,11,5,0
2026-05-11 01:00:00+00:00,162,75,216,27.5,66,13,1,11,5,0
2026-05-11 00:00:00+00:00,162,76,203,30.2,53,4,0,11,5,0
2026-05-10 23:00:00+00:00,162,77,194,31.0,47,10,23,10,5,6
2026-05-10 22:00:00+00:00,163,77,189,31.5,46,9,22,10,5,6
2026-05-10 21:00:00+00:00,176,76,187,32.3,43,8,21,10,5,6
2026-05-10 20:00:00+00:00,197,78,204,33.8,36,8,20,10,5,6
2026-05-10 19:00:00+00:00,204,70,204,35.5,28,8,19,10,5,6
2026-05-10 18:00:00+00:00,205,65,220,37.2,25,11,18,10,5,6
2026-05-10 17:00:00+00:00,202,67,237,38.4,23,10,17,10,5,6
2026-05-10 16:00:00+00:00,188,69,250,37.4,27,11,16,10,5,6
2026-05-10 15:00:00+00:00,170,74,275,38.5,26,11,15,10,5,6
2026-05-10 14:00:00+00:00,171,78,299,38.9,26,7,14,10,5,6
2026-05-10 13:00:00+00:00,172,83,327,38.6,27,5,13,10,5,6
2026-05-10 12:00:00+00:00,173,88,363,37.8,29,4,12,10,5,6
2026-05-10 11:00:00+00:00,175,94,420,36.3,32,5,11,10,5,6
2026-05-10 10:00:00+00:00,175,102,488,35.7,33,7,10,10,5,6
2026-05-10 09:00:00+00:00,173,102,466,33.3,41,7,9,10,5,6
2026-05-10 08:00:00+00:00,166,100,421,30.9,47,8,8,10,5,6
2026-05-10 07:00:00+00:00,160,91,355,28.6,53,7,7,10,5,6
2026-05-10 06:00:00+00:00,160,80,261,27.4,57,7,6,10,5,6
2026-05-10 05:00:00+00:00,159,76,249,27.0,59,4,5,10,5,6
2026-05-10 04:00:00+00:00,158,66,201,27.2,55,6,4,10,5,6
2026-05-10 03:00:00+00:00,158,65,176,27.5,54,6,3,10,5,6
2026-05-10 02:00:00+00:00,158,64,155,28.0,53,4,2,10,5,6
2026-05-10 01:00:00+00:00,157,66,147,28.5,51,6,1,10,5,6
2026-05-10 00:00:00+00:00,157,73,162,29.3,49,6,0,10,5,6
2026-05-09 23:00:00+00:00,156,82,197,29.7,48,5,23,9,5,5
2026-05-09 22:00:00+00:00,158,94,253,30.2,43,8,22,9,5,5
2026-05-09 21:00:00+00:00,181,102,299,32.1,38,7,21,9,5,5
2026-05-09 20:00:00+00:00,200,101,316,33.0,36,7,20,9,5,5
2026-05-09 19:00:00+00:00,206,86,304,33.9,33,5,19,9,5,5
2026-05-09 18:00:00+00:00,206,76,304,35.7,29,7,18,9,5,5
2026-05-09 17:00:00+00:00,202,77,322,36.7,27,7,17,9,5,5
2026-05-09 16:00:00+00:00,191,66,274,37.0,28,7,16,9,5,5
2026-05-09 15:00:00+00:00,173,69,303,37.1,27,5,15,9,5,5
2026-05-09 14:00:00+00:00,153,74,344,36.9,28,4,14,9,5,5
2026-05-09 13:00:00+00:00,148,79,392,36.4,30,3,13,9,5,5
2026-05-09 12:00:00+00:00,146,83,437,35.7,32,3,12,9,5,5
2026-05-09 11:00:00+00:00,144,85,479,34.0,36,5,11,9,5,5
2026-05-09 10:00:00+00:00,142,86,525,33.8,36,5,10,9,5,5
2026-05-09 09:00:00+00:00,143,64,328,31.5,45,5,9,9,5,5
2026-05-09 08:00:00+00:00,146,43,114,28.9,53,5,8,9,5,5
2026-05-09 07:00:00+00:00,150,44,59,26.2,60,6,7,9,5,5
2026-05-09 06:00:00+00:00,151,44,46,24.8,64,7,6,9,5,5
2026-05-09 05:00:00+00:00,152,43,43,24.5,65,6,5,9,5,5
2026-05-09 04:00:00+00:00,152,46,83,24.3,63,5,4,9,5,5
2026-05-09 03:00:00+00:00,153,46,86,24.8,61,4,3,9,5,5
2026-05-09 02:00:00+00:00,153,47,90,25.5,58,4,2,9,5,5
2026-05-09 01:00:00+00:00,153,48,92,25.9,60,4,1,9,5,5
2026-05-09 00:00:00+00:00,153,48,92,26.9,52,6,0,9,5,5
2026-05-08 23:00:00+00:00,154,49,94,27.6,50,6,23,8,5,4
2026-05-08 22:00:00+00:00,156,50,103,27.8,46,7,22,8,5,4
2026-05-08 21:00:00+00:00,162,54,130,28.7,43,9,21,8,5,4
2026-05-08 20:00:00+00:00,177,59,175,29.9,40,11,20,8,5,4
2026-05-08 19:00:00+00:00,186,58,199,31.1,36,8,19,8,5,4
2026-05-08 18:00:00+00:00,186,58,250,33.2,30,5,18,8,5,4
2026-05-08 17:00:00+00:00,179,60,272,34.0,28,5,17,8,5,4
2026-05-08 16:00:00+00:00,169,46,205,33.0,34,4,16,8,5,4
2026-05-08 15:00:00+00:00,158,48,220,34.0,32,4,15,8,5,4
2026-05-08 14:00:00+00:00,156,50,242,34.3,32,3,14,8,5,4
2026-05-08 13:00:00+00:00,153,54,271,33.8,34,5,13,8,5,4
2026-05-08 12:00:00+00:00,152,59,309,32.8,37,7,12,8,5,4
2026-05-08 11:00:00+00:00,152,66,366,31.6,41,8,11,8,5,4
2026-05-08 10:00:00+00:00,151,72,399,30.5,44,10,10,8,5,4
2026-05-08 09:00:00+00:00,151,68,324,28.3,54,10,9,8,5,4
2026-05-08 08:00:00+00:00,150,75,339,26.0,62,9,8,8,5,4
2026-05-08 07:00:00+00:00,147,83,379,24.0,68,8,7,8,5,4
2026-05-08 06:00:00+00:00,141,81,341,22.9,73,8,6,8,5,4
2026-05-08 05:00:00+00:00,135,80,369,22.6,73,7,5,8,5,4
2026-05-08 04:00:00+00:00,130,70,272,23.5,69,8,4,8,5,4
2026-05-08 03:00:00+00:00,127,67,260,24.0,67,9,3,8,5,4
2026-05-08 02:00:00+00:00,125,62,243,24.5,64,10,2,8,5,4
2026-05-08 01:00:00+00:00,138,57,225,25.0,60,10,1,8,5,4
2026-05-08 00:00:00+00:00,148,54,211,25.5,56,10,0,8,5,4
2026-05-07 23:00:00+00:00,156,55,208,25.5,54,10,23,7,5,3
2026-05-07 22:00:00+00:00,163,57,215,25.6,48,11,22,7,5,3
2026-05-07 21:00:00+00:00,171,61,236,26.5,42,10,21,7,5,3
2026-05-07 20:00:00+00:00,179,62,249,27.7,39,11,20,7,5,3
2026-05-07 19:00:00+00:00,185,57,241,28.9,36,11,19,7,5,3
2026-05-07 18:00:00+00:00,183,54,259,31.5,32,5,18,7,5,3
2026-05-07 17:00:00+00:00,175,51,233,34.4,18,1,17,7,5,3
2026-05-07 16:00:00+00:00,163,39,162,33.7,27,8,16,7,5,3
2026-05-07 15:00:00+00:00,147,39,156,34.0,27,8,15,7,5,3
2026-05-07 14:00:00+00:00,125,38,148,34.2,27,7,14,7,5,3
2026-05-07 13:00:00+00:00,100,38,142,33.7,30,8,13,7,5,3
2026-05-07 12:00:00+00:00,96,39,143,32.9,32,9,12,7,5,3
2026-05-07 11:00:00+00:00,94,43,156,32.0,35,10,11,7,5,3
2026-05-07 10:00:00+00:00,92,52,202,31.1,38,10,10,7,5,3
2026-05-07 09:00:00+00:00,89,62,260,29.0,48,7,9,7,5,3
2026-05-07 08:00:00+00:00,88,53,197,26.0,59,6,8,7,5,3
2026-05-07 07:00:00+00:00,90,32,68,23.3,68,7,7,7,5,3
2026-05-07 06:00:00+00:00,92,24,30,21.5,73,7,6,7,5,3
2026-05-07 05:00:00+00:00,94,19,20,20.9,75,6,5,7,5,3
